{
  "timestamp": "2026-07-14T09:39:36.283109",
  "model": "llama-3.1-8b-instant",
  "temperature": 0.1,
  "max_tokens": 256,
  "dataset_size": 15,
  "strategies": {
    "A \u2014 Zero-Shot Direct": {
      "rouge_l": 0.13782062253862332,
      "rouge_1": 0.17938400253731374,
      "rouge_2": 0.06433311374866993,
      "avg_latency_s": 1.21,
      "avg_output_tokens": 194.6
    },
    "B \u2014 Zero-Shot Role": {
      "rouge_l": 0.22222666422378148,
      "rouge_1": 0.27037307237968433,
      "rouge_2": 0.11263975656350231,
      "avg_latency_s": 1.09,
      "avg_output_tokens": 103.7
    },
    "C \u2014 Few-Shot": {
      "rouge_l": 0.2132594447149999,
      "rouge_1": 0.25762735977893614,
      "rouge_2": 0.10670360023796191,
      "avg_latency_s": 1.09,
      "avg_output_tokens": 122.7
    }
  },
  "gaps": {
    "a_to_c_rouge_l": 0.0754,
    "a_to_c_rouge_1": 0.0782,
    "a_to_c_rouge_2": 0.0424
  }
}