{
  "timestamp": "2026-06-24T11:49:22.694032",
  "model": "llama-3.1-8b-instant",
  "temperature": 0.1,
  "max_tokens": 256,
  "dataset_size": 15,
  "strategies": {
    "A - Zero-Shot Direct": {
      "rouge_l": 0.1447025537325957,
      "rouge_1": 0.19133955161835314,
      "rouge_2": 0.07298438418609934,
      "avg_latency_s": 1.1,
      "avg_output_tokens": 198.0
    },
    "B - Zero-Shot Role": {
      "rouge_l": 0.23910839431870798,
      "rouge_1": 0.28113144023327663,
      "rouge_2": 0.12303221013193513,
      "avg_latency_s": 1.43,
      "avg_output_tokens": 96.4
    },
    "C - Few-Shot": {
      "rouge_l": 0.19864066277759626,
      "rouge_1": 0.24408363192832833,
      "rouge_2": 0.09819326732948577,
      "avg_latency_s": 1.55,
      "avg_output_tokens": 133.5
    }
  },
  "gaps": {
    "a_to_c_rouge_l": 0.0539,
    "a_to_c_rouge_1": 0.0527,
    "a_to_c_rouge_2": 0.0252
  }
}